Country,Region,Year,Happiness_Score,Suicide_Rate
Switzerland,Europe,2015,7.5870000000000015,13.84450089
Iceland,Europe,2015,7.561,11.10399025
Denmark,Europe,2015,7.527,11.46783128
Norway,Europe,2015,7.522,10.96579388
Canada,Americas,2015,7.4270000000000005,13.67167611
Finland,Europe,2015,7.4060000000000015,14.96188594
Netherlands,Europe,2015,7.377999999999999,12.01680123
Sweden,Europe,2015,7.364,14.36979672
New Zealand,Oceania,2015,7.2860000000000005,11.64304645
Australia,Oceania,2015,7.284,12.93188858
Israel,Asia,2015,7.278,5.930019783
Costa Rica,Americas,2015,7.226,7.790278517999999
Austria,Europe,2015,7.2,16.99403176
Mexico,Americas,2015,7.187,5.949462208
United States,Americas,2015,7.119,14.41134695
Brazil,Americas,2015,6.983,6.397279566
Luxembourg,Europe,2015,6.9460000000000015,11.79354671
Ireland,Europe,2015,6.94,9.639161798
Belgium,Europe,2015,6.937,20.07795223
United Arab Emirates,Asia,2015,6.901,7.121838996
United Kingdom,Europe,2015,6.867000000000001,8.424843297
Oman,Asia,2015,6.853,2.730107933
Venezuela,Americas,2015,6.81,8.15742345
Singapore,Asia,2015,6.797999999999999,8.318204538
Panama,Americas,2015,6.7860000000000005,4.780966068
Germany,Europe,2015,6.75,14.05869564
Chile,Americas,2015,6.67,11.26541712
Qatar,Asia,2015,6.6110000000000015,5.115859924
France,Europe,2015,6.575,17.39757241
Argentina,Americas,2015,6.574,10.98182061
Czech Republic,Europe,2015,6.505,14.84018526
Uruguay,Americas,2015,6.485,20.23957097
Colombia,Americas,2015,6.477,5.86852218
Thailand,Asia,2015,6.455,9.808346043
Saudi Arabia,Asia,2015,6.4110000000000005,4.846534807
Spain,Europe,2015,6.329,8.253493753999999
Malta,Europe,2015,6.3020000000000005,5.524399004
Kuwait,Asia,2015,6.295,2.9794351189999997
Suriname,Americas,2015,6.269,25.28971493
El Salvador,Americas,2015,6.13,8.893680193
Guatemala,Americas,2015,6.1229999999999976,5.099014205
Uzbekistan,Asia,2015,6.002999999999999,11.81007007
Slovakia,Europe,2015,5.995,14.08261858
Japan,Asia,2015,5.987,20.45587268
Ecuador,Americas,2015,5.975,9.452620319
Bahrain,Asia,2015,5.96,5.978835475
Italy,Europe,2015,5.9479999999999995,7.255187922
Bolivia,Americas,2015,5.89,6.342802473
Moldova,Europe,2015,5.888999999999999,18.22486694
Paraguay,Americas,2015,5.877999999999999,5.939757922
Kazakhstan,Asia,2015,5.855,26.29179815
Slovenia,Europe,2015,5.848,20.92866052
Lithuania,Europe,2015,5.8329999999999975,36.98030415
Nicaragua,Americas,2015,5.827999999999999,5.512751092999999
Peru,Americas,2015,5.824,2.922328028
Belarus,Europe,2015,5.813,24.5156408
Poland,Europe,2015,5.791,17.98020925
Malaysia,Asia,2015,5.77,5.048886324
Croatia,Europe,2015,5.7589999999999995,17.45179689
Libya,Africa,2015,5.754,4.971649575
Russia,Europe,2015,5.716,30.57438527
Jamaica,Americas,2015,5.709,2.887698762
Cyprus,Europe,2015,5.689,5.05945292
Algeria,Africa,2015,5.605,3.7689726130000003
Kosovo,Europe,2015,5.5889999999999995,
Turkmenistan,Asia,2015,5.547999999999999,9.115561619
Mauritius,Africa,2015,5.477,9.26045445
Estonia,Europe,2015,5.428999999999999,16.16119604
Indonesia,Asia,2015,5.399,2.9388592210000004
Vietnam,Asia,2015,5.36,8.270146421
Turkey,Asia,2015,5.332000000000002,3.0538589210000002
Kyrgyzstan,Asia,2015,5.2860000000000005,9.993910944
Nigeria,Africa,2015,5.268,3.8920321860000002
Bhutan,Asia,2015,5.252999999999999,5.296752975
Azerbaijan,Asia,2015,5.2120000000000015,3.805900484
Pakistan,Asia,2015,5.194,7.8375332470000005
Jordan,Asia,2015,5.192,2.0329803230000003
Montenegro,Europe,2015,5.192,18.68352781
China,Asia,2015,5.14,8.637250494
Zambia,Africa,2015,5.129,7.755154178
Romania,Europe,2015,5.124,11.85061471
Serbia,Europe,2015,5.122999999999998,18.32412327
Portugal,Europe,2015,5.102,13.35354312
Latvia,Europe,2015,5.098,21.80118937
Philippines,Asia,2015,5.073,3.935606781
Morocco,Africa,2015,5.013,7.251977407999999
Mozambique,Africa,2015,4.971,8.611933137000001
Albania,Europe,2015,4.959,5.746417291
Bosnia and Herzegovina,Europe,2015,4.949,11.221485099999999
Lesotho,Africa,2015,4.898,37.11514896
Dominican Republic,Americas,2015,4.885,6.926129016
Laos,Asia,2015,4.876,6.392810675
Mongolia,Asia,2015,4.874,19.24879048
Swaziland,Africa,2015,4.867,20.55179935
Greece,Europe,2015,4.857,4.9254075760000005
Lebanon,Asia,2015,4.8389999999999995,3.5354147119999997
Hungary,Europe,2015,4.8,21.61213033
Honduras,Americas,2015,4.788,2.42308627
Tajikistan,Asia,2015,4.7860000000000005,4.783707625
Tunisia,Africa,2015,4.739,3.59196119
Bangladesh,Asia,2015,4.694,4.480838249
Iran,Asia,2015,4.686,5.772628334
Ukraine,Europe,2015,4.681,33.829427
Iraq,Asia,2015,4.677,5.167173129
South Africa,Africa,2015,4.6419999999999995,13.95515066
Ghana,Africa,2015,4.633,6.691782588
Zimbabwe,Africa,2015,4.61,15.87784596
Liberia,Africa,2015,4.5710000000000015,5.427572164
India,Africa,2015,4.565,13.60443125
Sudan,Africa,2015,4.55,5.0968390569999995
Haiti,Americas,2015,4.518,8.331099716
Nepal,Asia,2015,4.513999999999999,11.50844837
Ethiopia,Africa,2015,4.512,5.214060254
Sierra Leone,Africa,2015,4.507,5.762127317000001
Mauritania,Africa,2015,4.436,3.9298257530000003
Kenya,Africa,2015,4.419,6.215603797000001
Djibouti,Africa,2015,4.369,5.891866547999999
Armenia,Asia,2015,4.35,9.87588579
Botswana,Africa,2015,4.332,17.72780228
Myanmar,Asia,2015,4.3069999999999995,3.969944807
Georgia,Asia,2015,4.297,13.43424537
Georgia,Asia,2015,4.297,8.747403133999999
Malawi,Africa,2015,4.292,6.675764892
Sri Lanka,Asia,2015,4.271,19.47198405
Cameroon,Africa,2015,4.252,8.001453566
Bulgaria,Europe,2015,4.218,14.8367636
Egypt,Africa,2015,4.194,3.1555250989999997
Yemen,Asia,2015,4.077,4.512726133
Angola,Africa,2015,4.033,6.421698188
Mali,Africa,2015,3.995,4.223574631
Comoros,Africa,2015,3.9560000000000004,5.926548296
Uganda,Africa,2015,3.931,5.230828987
Senegal,Africa,2015,3.904,7.476941012
Gabon,Africa,2015,3.8960000000000004,9.736456537
Niger,Africa,2015,3.845,4.0801995060000005
Cambodia,Asia,2015,3.819,4.778715851
Tanzania,Africa,2015,3.781,5.55047701
Madagascar,Africa,2015,3.681,5.644083106
Central African Republic,Africa,2015,3.678,12.04295102
Chad,Africa,2015,3.667,6.215083839
Guinea,Africa,2015,3.656,6.882474635
Ivory Coast,Africa,2015,3.655,8.013441653
Burkina Faso,Africa,2015,3.5869999999999997,6.7495748120000005
Afghanistan,Asia,2015,3.575,4.368569135
Rwanda,Africa,2015,3.465,5.658946465
Benin,Africa,2015,3.34,6.003208621000001
Syria,Asia,2015,3.0060000000000002,2.050380113
Burundi,Africa,2015,2.905,6.820088645
Togo,Africa,2015,2.839,7.410158105
Taiwan,Asia,2015,6.297999999999999,17.35787593
Hong Kong,Asia,2015,5.474,
Trinidad and Tobago,Americas,2015,6.1679999999999975,11.17788455
South Korea,Asia,2015,5.984,28.00733125
Palestinian Territories,Asia,2015,4.715,2.3368303790000002
Congo (Kinshasa),Africa,2015,4.5169999999999995,6.706389139
Congo (Brazzaville),Africa,2015,3.989,7.820623736
Somaliland Region,Africa,2015,5.0569999999999995,
Northern Cyprus,Europe,2015,5.695,
North Macedonia,Europe,2015,5.007,9.737105617000001
Switzerland,Europe,2016,7.508999999999999,13.64911432
Iceland,Europe,2016,7.501,11.12789344
Denmark,Europe,2016,7.526,11.58553973
Norway,Europe,2016,7.4979999999999976,10.97993208
Canada,Americas,2016,7.404,13.6597793
Finland,Europe,2016,7.4129999999999985,14.956764999999999
Netherlands,Europe,2016,7.338999999999999,12.11816759
Sweden,Europe,2016,7.291,14.0088247
New Zealand,Oceania,2016,7.334,11.63757154
Australia,Oceania,2016,7.313,12.39409292
Israel,Asia,2016,7.267,5.862534795
Costa Rica,Americas,2016,7.0870000000000015,8.365049257
Austria,Europe,2016,7.119,16.66361091
Mexico,Americas,2016,6.778,6.116536327
United States,Americas,2016,7.104,14.73647599
Brazil,Americas,2016,6.952000000000001,6.53142344
Luxembourg,Europe,2016,6.871,11.382609599999999
Ireland,Europe,2016,6.907,9.210732063
Belgium,Europe,2016,6.928999999999999,19.80270765
United Arab Emirates,Asia,2016,6.5729999999999995,7.112651991
United Kingdom,Europe,2016,6.725,8.493713387
Venezuela,Americas,2016,6.084,8.044486759
Singapore,Asia,2016,6.739,8.179042432000001
Panama,Americas,2016,6.7010000000000005,4.7021356
Germany,Europe,2016,6.994,13.91182139
Chile,Americas,2016,6.705,11.05752163
Qatar,Asia,2016,6.375,4.934080458
France,Europe,2016,6.478,16.72597577
Argentina,Americas,2016,6.65,11.21534005
Czech Republic,Europe,2016,6.596,14.47642248
Uruguay,Americas,2016,6.545,20.36104723
Colombia,Americas,2016,6.481,5.792365642
Thailand,Asia,2016,6.474,10.08833356
Saudi Arabia,Asia,2016,6.379,4.872696389
Spain,Europe,2016,6.3610000000000015,8.126180395
Malta,Europe,2016,6.4879999999999995,5.498131715
Kuwait,Asia,2016,6.239,2.979804777
Suriname,Americas,2016,6.269,25.80147657
El Salvador,Americas,2016,6.068,8.806002145
Guatemala,Americas,2016,6.324,5.1465455030000005
Uzbekistan,Asia,2016,5.987,12.01380821
Slovakia,Europe,2016,6.077999999999999,13.13664221
Japan,Asia,2016,5.921,19.82227198
Ecuador,Americas,2016,5.976,9.446798811
Bahrain,Asia,2016,6.218,5.723071195
Italy,Europe,2016,5.977,7.043545099
Bolivia,Americas,2016,5.822,6.384799237
Moldova,Europe,2016,5.897,17.32880263
Paraguay,Americas,2016,5.537999999999999,6.235526497
Kazakhstan,Asia,2016,5.919,24.79865336
Slovenia,Europe,2016,5.768,20.29612547
Lithuania,Europe,2016,5.813,35.85885031
Nicaragua,Americas,2016,5.992000000000001,5.901604215
Peru,Americas,2016,5.742999999999999,2.910263192
Belarus,Europe,2016,5.8020000000000005,24.01686709
Poland,Europe,2016,5.835,17.42017082
Malaysia,Asia,2016,6.005,5.27625718
Croatia,Europe,2016,5.4879999999999995,16.38499186
Libya,Africa,2016,5.615,4.9523456480000005
Russia,Europe,2016,5.856,29.08007712
Jamaica,Americas,2016,5.51,2.9457229289999995
Cyprus,Europe,2016,5.546,5.002039267
Algeria,Africa,2016,6.355,3.643656289
Kosovo,Europe,2016,5.401,
Turkmenistan,Asia,2016,5.6579999999999995,9.031091835
Mauritius,Africa,2016,5.648,9.107617422999999
Estonia,Europe,2016,5.517,16.14826542
Indonesia,Asia,2016,5.314,2.933497009
Vietnam,Asia,2016,5.061,8.346326377999999
Turkey,Asia,2016,5.388999999999999,3.07290338
Kyrgyzstan,Asia,2016,5.185,9.243502598
Nigeria,Africa,2016,4.875,3.849118339
Bhutan,Asia,2016,5.1960000000000015,5.312611303
Azerbaijan,Asia,2016,5.291,3.679903022
Pakistan,Asia,2016,5.1320000000000014,7.895996147000001
Jordan,Asia,2016,5.303,2.0687174269999997
Montenegro,Europe,2016,5.1610000000000005,19.13631072
China,Asia,2016,5.245,8.628470828
Zambia,Africa,2016,4.795,7.759366537000001
Romania,Europe,2016,5.528,11.61228979
Serbia,Europe,2016,5.1770000000000005,17.43055206
Portugal,Europe,2016,5.122999999999998,12.83428858
Latvia,Europe,2016,5.56,20.40513491
Philippines,Asia,2016,5.279,3.98346341
Morocco,Africa,2016,5.151,7.184144992999999
Albania,Europe,2016,4.655,5.715598728
Bosnia and Herzegovina,Europe,2016,5.162999999999999,11.0012655
Dominican Republic,Americas,2016,5.155,6.886044602999999
Laos,Asia,2016,4.876,6.392826712000001
Mongolia,Asia,2016,4.907,18.94616385
Greece,Europe,2016,5.033,4.917158617
Lebanon,Asia,2016,5.129,3.5264915
Hungary,Europe,2016,5.145,20.43982331
Honduras,Americas,2016,4.871,2.4300966369999997
Tajikistan,Asia,2016,4.996,4.982608406000001
Tunisia,Africa,2016,5.045,3.5669684289999997
Bangladesh,Asia,2016,4.643,4.453526096
Iran,Asia,2016,4.813,5.687732075
Ukraine,Europe,2016,4.324,33.20913061
Iraq,Asia,2016,4.575,5.110972286
South Africa,Africa,2016,4.459,13.33682787
Ghana,Africa,2016,4.276,6.766727728999999
Zimbabwe,Africa,2016,4.1930000000000005,16.05036031
Liberia,Africa,2016,3.622,5.393713855
India,Africa,2016,4.404,13.42576883
Sudan,Africa,2016,4.138999999999999,5.051194105
Haiti,Americas,2016,4.0280000000000005,8.322002838
Nepal,Asia,2016,4.793,11.52172075
Ethiopia,Africa,2016,4.508,5.2110624880000005
Sierra Leone,Africa,2016,4.635,5.78193105
Mauritania,Africa,2016,4.2010000000000005,3.8646036589999997
Kenya,Africa,2016,4.356,6.176370201
Armenia,Asia,2016,4.36,9.742031185
Botswana,Africa,2016,3.9739999999999998,17.39865632
Myanmar,Asia,2016,4.395,3.966825145
Georgia,Asia,2016,4.252,13.8588888
Georgia,Asia,2016,4.252,8.737358144
Malawi,Africa,2016,4.1560000000000015,6.665660981
Sri Lanka,Asia,2016,4.415,19.86683263
Cameroon,Africa,2016,4.513,7.9438876810000005
Bulgaria,Europe,2016,4.217,15.19915205
Egypt,Africa,2016,4.362,3.130368292
Yemen,Asia,2016,3.7239999999999998,4.608755286
Angola,Africa,2016,3.866,6.322332146
Mali,Africa,2016,4.073,4.339894956
Comoros,Africa,2016,3.9560000000000004,5.961354152999999
Uganda,Africa,2016,3.739,5.262014768
Senegal,Africa,2016,4.218999999999999,7.636975661
Gabon,Africa,2016,4.121,9.783274287000001
Niger,Africa,2016,3.8560000000000003,4.151791676
Cambodia,Asia,2016,3.907,4.806828218
Tanzania,Africa,2016,3.6660000000000004,5.553073487000001
Madagascar,Africa,2016,3.695,5.655305074
Chad,Africa,2016,3.763,6.152634696000001
Guinea,Africa,2016,3.6069999999999998,6.766357505
Ivory Coast,Africa,2016,3.9160000000000004,7.779091715
Burkina Faso,Africa,2016,3.739,6.879352616
Afghanistan,Asia,2016,3.36,4.334644635
Rwanda,Africa,2016,3.515,5.729313567
Benin,Africa,2016,3.484,6.004512816
Syria,Asia,2016,3.069,2.0838705109999998
Burundi,Africa,2016,2.905,6.710364037000001
Togo,Africa,2016,3.303,7.515573107000001
Puerto Rico,Americas,2016,7.039,6.6540412270000004
Belize,Americas,2016,5.956,6.33884245
Somalia,Africa,2016,5.44,6.556871175
Namibia,Africa,2016,4.574,10.93871609
South Sudan,Africa,2016,3.832,4.427527968
Taiwan,Asia,2016,6.379,17.78313601
Hong Kong,Asia,2016,5.4579999999999975,
Trinidad and Tobago,Americas,2016,6.1679999999999975,11.24781396
South Korea,Asia,2016,5.835,27.16555736
Palestinian Territories,Asia,2016,4.754,2.349114551
Congo (Kinshasa),Africa,2016,4.272,6.675471407000001
Congo (Brazzaville),Africa,2016,4.2360000000000015,7.778690524
Somaliland Region,Africa,2016,5.0569999999999995,
Northern Cyprus,Europe,2016,5.771,
North Macedonia,Europe,2016,5.121,9.846216822999999
Switzerland,Europe,2017,7.49399995803833,13.63884984
Iceland,Europe,2017,7.50400018692017,11.04311291
Denmark,Europe,2017,7.52199983596802,11.67791892
Norway,Europe,2017,7.537000179290769,10.70910081
Canada,Americas,2017,7.31599998474121,13.43247027
Finland,Europe,2017,7.468999862670901,14.96603006
Netherlands,Europe,2017,7.3769998550415,11.97459186
Sweden,Europe,2017,7.28399991989136,13.81718837
New Zealand,Oceania,2017,7.31400012969971,11.47075667
Australia,Oceania,2017,7.28399991989136,11.93420541
Israel,Asia,2017,7.212999820709231,5.822303558
Costa Rica,Americas,2017,7.0789999961853,8.540009181
Austria,Europe,2017,7.00600004196167,16.35738095
Mexico,Americas,2017,6.57800006866455,6.455467997
United States,Americas,2017,6.993000030517581,14.401417499999999
Brazil,Americas,2017,6.6350002288818395,6.420767125
Luxembourg,Europe,2017,6.86299991607666,11.36426581
Ireland,Europe,2017,6.977000236511231,9.070517263
Belgium,Europe,2017,6.89099979400635,19.79636404
United Arab Emirates,Asia,2017,6.6479997634887695,7.07410273
United Kingdom,Europe,2017,6.71400022506714,8.467899232
Venezuela,Americas,2017,5.25,8.116469248
Singapore,Asia,2017,6.57200002670288,7.934473642
Panama,Americas,2017,6.4520001411438,4.727097612
Germany,Europe,2017,6.9510002136230495,13.80672289
Chile,Americas,2017,6.65199995040894,11.03341583
Qatar,Asia,2017,6.375,4.687433457
France,Europe,2017,6.44199991226196,16.76786513
Argentina,Americas,2017,6.59899997711182,11.22467829
Czech Republic,Europe,2017,6.60900020599365,14.35878763
Uruguay,Americas,2017,6.4539999961853,20.11775267
Colombia,Americas,2017,6.35699987411499,5.810645993
Thailand,Asia,2017,6.4239997863769505,10.15335581
Saudi Arabia,Asia,2017,6.343999862670901,4.896819891
Spain,Europe,2017,6.40299987792969,8.074676335
Malta,Europe,2017,6.52699995040894,5.461045287
Kuwait,Asia,2017,6.10500001907349,2.97466169
El Salvador,Americas,2017,6.0029997825622585,8.70985397
Guatemala,Americas,2017,6.4539999961853,5.218747035
Uzbekistan,Asia,2017,5.97100019454956,11.68628737
Slovakia,Europe,2017,6.09800004959106,13.02150085
Japan,Asia,2017,5.92000007629395,19.2308501
Ecuador,Americas,2017,6.00799989700317,9.527461702
Bahrain,Asia,2017,6.08699989318848,5.5635799960000005
Italy,Europe,2017,5.96400022506714,6.981919705
Bolivia,Americas,2017,5.82299995422363,6.353021824
Moldova,Europe,2017,5.837999820709231,15.68243229
Paraguay,Americas,2017,5.493000030517581,6.212312172000001
Kazakhstan,Asia,2017,5.8189997673034695,23.84317998
Slovenia,Europe,2017,5.75799989700317,20.28499745
Lithuania,Europe,2017,5.90199995040894,31.97976983
Nicaragua,Americas,2017,6.07100009918213,5.586094202999999
Peru,Americas,2017,5.71500015258789,2.933643167
Belarus,Europe,2017,5.5689997673034695,24.27722853
Poland,Europe,2017,5.97300004959106,17.3445478
Malaysia,Asia,2017,6.08400011062622,5.431615008
Croatia,Europe,2017,5.2930002212524405,16.37177059
Libya,Africa,2017,5.525000095367429,5.00280871
Russia,Europe,2017,5.962999820709231,27.17573828
Jamaica,Americas,2017,5.31099987030029,2.979126195
Cyprus,Europe,2017,5.62099981307983,4.999240472
Algeria,Africa,2017,5.8720002174377415,3.573035697
Kosovo,Europe,2017,5.27899980545044,
Turkmenistan,Asia,2017,5.82200002670288,8.922720652
Mauritius,Africa,2017,5.62900018692017,9.060462226
Estonia,Europe,2017,5.61100006103516,16.19503221
Indonesia,Asia,2017,5.26200008392334,2.944743038
Vietnam,Asia,2017,5.07399988174438,8.409816125
Turkey,Asia,2017,5.5,3.099425413
Kyrgyzstan,Asia,2017,5.0040001869201705,9.059326243
Nigeria,Africa,2017,5.07399988174438,3.7858476739999998
Bhutan,Asia,2017,5.01100015640259,5.317300595
Azerbaijan,Asia,2017,5.234000205993652,3.65605297
Pakistan,Asia,2017,5.26900005340576,7.8897102839999995
Jordan,Asia,2017,5.33599996566772,2.091899042
Montenegro,Europe,2017,5.23699998855591,19.14411017
China,Asia,2017,5.2729997634887695,8.605789732
Zambia,Africa,2017,4.513999938964839,7.81370416
Romania,Europe,2017,5.824999809265139,11.46557297
Serbia,Europe,2017,5.39499998092651,17.44049399
Portugal,Europe,2017,5.19500017166138,12.45330543
Latvia,Europe,2017,5.849999904632571,20.47148148
Philippines,Asia,2017,5.42999982833862,4.043846018
Morocco,Africa,2017,5.2350001335144,7.128680017000001
Mozambique,Africa,2017,4.5500001907348615,8.425958258
Albania,Europe,2017,4.64400005340576,5.670764872
Bosnia and Herzegovina,Europe,2017,5.18200016021729,10.96357152
Lesotho,Africa,2017,3.80800008773804,35.83575183
Dominican Republic,Americas,2017,5.230000019073491,6.627573202000001
Mongolia,Asia,2017,4.95499992370605,18.79923771
Greece,Europe,2017,5.227000236511231,4.826979626
Lebanon,Asia,2017,5.22499990463257,3.5121817
Hungary,Europe,2017,5.32399988174438,20.04784691
Honduras,Americas,2017,5.1810002326965305,2.4395758119999997
Tajikistan,Asia,2017,5.04099988937378,4.90130834
Tunisia,Africa,2017,4.80499982833862,3.5474089269999998
Bangladesh,Asia,2017,4.60799980163574,4.542240785
Iran,Asia,2017,4.69199991226196,5.582485502000001
Ukraine,Europe,2017,4.09600019454956,32.23923446
Iraq,Asia,2017,4.49700021743774,5.091696577
South Africa,Africa,2017,4.8289999961853,13.42430282
Ghana,Africa,2017,4.11999988555908,6.780937284
Zimbabwe,Africa,2017,3.875,16.08355621
Liberia,Africa,2017,3.532999992370609,5.335164527
India,Africa,2017,4.31500005722046,13.43104837
Sudan,Africa,2017,4.138999938964839,4.995236646
Haiti,Americas,2017,3.6029999256133998,8.301246167
Nepal,Asia,2017,4.961999893188481,11.48516023
Ethiopia,Africa,2017,4.46000003814697,5.236329369
Sierra Leone,Africa,2017,4.70900011062622,5.830192609
Mauritania,Africa,2017,4.29199981689453,3.9364634560000002
Kenya,Africa,2017,4.55299997329712,6.168508771
Armenia,Asia,2017,4.37599992752075,9.509762476
Botswana,Africa,2017,3.7660000324249294,17.43966813
Myanmar,Asia,2017,4.54500007629395,3.7696996830000002
Georgia,Asia,2017,4.28599977493286,8.647013557000001
Georgia,Asia,2017,4.28599977493286,13.68624753
Malawi,Africa,2017,3.97000002861023,6.602993561
Sri Lanka,Asia,2017,4.44000005722046,20.03653087
Cameroon,Africa,2017,4.69500017166138,7.87208347
Bulgaria,Europe,2017,4.71400022506714,15.37669295
Egypt,Africa,2017,4.7350001335144,3.134480823
Yemen,Asia,2017,3.59299993515015,4.730817861
Angola,Africa,2017,3.79500007629395,6.387638836
Mali,Africa,2017,4.19000005722046,4.385312483
Uganda,Africa,2017,4.08099985122681,5.180939843
Senegal,Africa,2017,4.53499984741211,7.5505254420000005
Gabon,Africa,2017,4.46500015258789,9.839392355
Niger,Africa,2017,4.02799987792969,4.1894940080000005
Cambodia,Asia,2017,4.1680002212524405,4.803360704
Tanzania,Africa,2017,3.34899997711182,5.597909276
Madagascar,Africa,2017,3.64400005340576,5.676770836
Central African Republic,Africa,2017,2.69300007820129,11.98686836
Chad,Africa,2017,3.9360001087188703,6.10951012
Guinea,Africa,2017,3.50699996948242,6.625353798
Ivory Coast,Africa,2017,4.17999982833862,7.646809734
Burkina Faso,Africa,2017,4.03200006484985,6.957686575
Afghanistan,Asia,2017,3.7939999103546103,4.309610343
Rwanda,Africa,2017,3.47099995613098,5.796152235
Benin,Africa,2017,3.65700006484985,6.012889097
Syria,Asia,2017,3.46199989318848,2.108724252
Burundi,Africa,2017,2.90499997138977,6.640306627999999
Togo,Africa,2017,3.4949998855590803,7.584379025
Belize,Americas,2017,5.955999851226809,6.627778891
Somalia,Africa,2017,5.151000022888179,6.529298911000001
Namibia,Africa,2017,4.57399988174438,10.97656403
South Sudan,Africa,2017,3.5910000801086404,4.4520539580000005
Taiwan,Asia,2017,6.42199993133545,17.92907356
Hong Kong,Asia,2017,5.47200012207031,
Trinidad and Tobago,Americas,2017,6.1680002212524405,11.26740006
South Korea,Asia,2017,5.837999820709231,27.16062113
Palestinian Territories,Asia,2017,4.77500009536743,2.339919299
Congo (Kinshasa),Africa,2017,4.2800002098083505,6.677684097
Congo (Brazzaville),Africa,2017,4.29099988937378,7.803717122
Northern Cyprus,Europe,2017,5.80999994277954,
North Macedonia,Europe,2017,5.1750001907348615,9.845325627000001
Switzerland,Europe,2018,7.487,13.55637808
Iceland,Europe,2018,7.495,10.70085582
Denmark,Europe,2018,7.555,11.65039469
Norway,Europe,2018,7.5939999999999985,10.61300244
Canada,Americas,2018,7.3279999999999985,13.14092811
Finland,Europe,2018,7.6320000000000014,15.18475434
Netherlands,Europe,2018,7.441,11.86085139
Sweden,Europe,2018,7.314,13.57489261
New Zealand,Oceania,2018,7.324,11.46767696
Australia,Oceania,2018,7.272,11.85638651
Israel,Asia,2018,6.814,5.835393086
Costa Rica,Americas,2018,7.072,8.335456322
Austria,Europe,2018,7.138999999999999,16.11910407
Mexico,Americas,2018,6.4879999999999995,6.488865583
United States,Americas,2018,6.886,14.10008944
Brazil,Americas,2018,6.419,6.293968496000001
Luxembourg,Europe,2018,6.91,11.29358514
Ireland,Europe,2018,6.977,9.023022225
Belgium,Europe,2018,6.9270000000000005,19.61645033
United Arab Emirates,Asia,2018,6.774,7.11417231
United Kingdom,Europe,2018,7.19,8.41997139
Venezuela,Americas,2018,4.806,8.256627655
Singapore,Asia,2018,6.343,8.012120673
Panama,Americas,2018,6.43,4.806806323
Germany,Europe,2018,6.965,13.75311271
Chile,Americas,2018,6.476,11.03317655
Qatar,Asia,2018,6.374,4.620091535
France,Europe,2018,6.489,16.73343564
Argentina,Americas,2018,6.388,11.19503695
Czech Republic,Europe,2018,6.711,14.22066446
Uruguay,Americas,2018,6.379,19.81930013
Colombia,Americas,2018,6.26,5.7847460139999995
Thailand,Asia,2018,6.072,10.21477618
Saudi Arabia,Asia,2018,6.371,4.945840813999999
Spain,Europe,2018,6.31,8.145833415
Malta,Europe,2018,6.6270000000000024,5.463132446
Kuwait,Asia,2018,6.0829999999999975,2.99225741
El Salvador,Americas,2018,6.1670000000000025,8.680838736
Guatemala,Americas,2018,6.3820000000000014,5.263754201999999
Uzbekistan,Asia,2018,6.096,11.44765198
Slovakia,Europe,2018,6.172999999999999,12.94255963
Japan,Asia,2018,5.915,19.35314984
Ecuador,Americas,2018,5.973,9.499907795
Bahrain,Asia,2018,6.105,5.437852184
Italy,Europe,2018,6.0,7.05997718
Bolivia,Americas,2018,5.7520000000000024,6.287314042999999
Moldova,Europe,2018,5.64,15.14542409
Paraguay,Americas,2018,5.681,6.181814051
Kazakhstan,Asia,2018,5.79,23.39572083
Slovenia,Europe,2018,5.9479999999999995,20.10630943
Lithuania,Europe,2018,5.952000000000001,31.26381964
Nicaragua,Americas,2018,6.141,5.469934029
Peru,Americas,2018,5.662999999999999,2.962254104
Belarus,Europe,2018,5.483,24.35672087
Poland,Europe,2018,6.1229999999999976,17.27891326
Malaysia,Asia,2018,6.322,5.53201531
Croatia,Europe,2018,5.3210000000000015,16.37248602
Libya,Africa,2018,5.566,5.077497553
Russia,Europe,2018,5.81,27.11992105
Jamaica,Americas,2018,5.89,3.0286302910000003
Cyprus,Europe,2018,5.7620000000000005,5.03862037
Algeria,Africa,2018,5.295,3.6116775810000004
Kosovo,Europe,2018,5.662000000000001,
Turkmenistan,Asia,2018,5.636,8.800292952000001
Mauritius,Africa,2018,5.891,9.004016375
Estonia,Europe,2018,5.739,16.06217783
Indonesia,Asia,2018,5.093,2.944275483
Vietnam,Asia,2018,5.103,8.429650487
Turkey,Asia,2018,5.483,3.1111076110000004
Kyrgyzstan,Asia,2018,5.131,9.224867753
Nigeria,Africa,2018,5.155,3.729822584
Bhutan,Asia,2018,5.082,5.367527555
Azerbaijan,Asia,2018,5.2010000000000005,3.684536475
Pakistan,Asia,2018,5.472,7.860952131
Jordan,Asia,2018,5.1610000000000005,2.165014379
Montenegro,Europe,2018,5.347,19.00122499
China,Asia,2018,5.246,8.581384516
Zambia,Africa,2018,4.377,7.76585602
Romania,Europe,2018,5.945,11.43616423
Serbia,Europe,2018,5.398,17.56210084
Portugal,Europe,2018,5.41,12.61497507
Latvia,Europe,2018,5.933,20.44462522
Philippines,Asia,2018,5.524,4.0689727819999995
Morocco,Africa,2018,5.254,7.105047794
Mozambique,Africa,2018,4.417,8.347699184
Albania,Europe,2018,4.586,5.629204172000001
Bosnia and Herzegovina,Europe,2018,5.129,11.0316946
Lesotho,Africa,2018,3.8080000000000003,35.52114891
Dominican Republic,Americas,2018,5.3020000000000005,6.373221591
Laos,Asia,2018,4.623,6.2128759360000005
Mongolia,Asia,2018,5.125,18.21277979
Greece,Europe,2018,5.358,4.841082441
Lebanon,Asia,2018,5.358,3.476543945
Hungary,Europe,2018,5.62,20.12889926
Honduras,Americas,2018,5.504,2.4485109940000003
Tajikistan,Asia,2018,5.199,4.877374951
Tunisia,Africa,2018,4.592,3.544127378
Bangladesh,Asia,2018,4.5,4.572130778
Iran,Asia,2018,4.707,5.356908368
Ukraine,Europe,2018,4.103,31.44166657
Iraq,Asia,2018,4.456,5.064844456
South Africa,Africa,2018,4.724,13.91127847
Ghana,Africa,2018,4.657,6.625198496
Zimbabwe,Africa,2018,3.6919999999999997,16.05847018
Liberia,Africa,2018,3.495,5.353042457
India,Africa,2018,4.19,13.95105181
Sudan,Africa,2018,4.138999999999999,5.001197081
Haiti,Americas,2018,3.582,8.26107455
Nepal,Asia,2018,4.88,11.521612699999999
Ethiopia,Africa,2018,4.35,5.263148095
Sierra Leone,Africa,2018,4.5710000000000015,5.916001967000001
Mauritania,Africa,2018,4.356,3.8856778760000004
Kenya,Africa,2018,4.41,6.218020788
Armenia,Asia,2018,4.3210000000000015,9.528306881
Botswana,Africa,2018,3.59,17.45036435
Myanmar,Asia,2018,4.308,3.582431082
Georgia,Asia,2018,4.34,8.578030292000001
Georgia,Asia,2018,4.34,13.39764501
Malawi,Africa,2018,3.5869999999999997,6.593991006
Sri Lanka,Asia,2018,4.471,20.39885489
Cameroon,Africa,2018,4.975,7.847734737000001
Bulgaria,Europe,2018,4.933,15.59325836
Egypt,Africa,2018,4.419,3.12957183
Yemen,Asia,2018,3.355,4.915500388
Angola,Africa,2018,3.795,6.410745949
Mali,Africa,2018,4.447,4.354384523
Uganda,Africa,2018,4.1610000000000005,5.250317908
Senegal,Africa,2018,4.631,7.402908145
Gabon,Africa,2018,4.758,9.846361155
Niger,Africa,2018,4.166,4.211194814
Cambodia,Asia,2018,4.433,4.788187136
Tanzania,Africa,2018,3.303,5.653494062
Madagascar,Africa,2018,3.7739999999999996,5.705987122000001
Central African Republic,Africa,2018,3.083,11.88102744
Chad,Africa,2018,4.301,6.102042795
Guinea,Africa,2018,3.964,6.522871072999999
Ivory Coast,Africa,2018,4.671,7.6837553089999995
Burkina Faso,Africa,2018,4.4239999999999995,6.963823242
Afghanistan,Asia,2018,3.6319999999999997,4.268398243
Rwanda,Africa,2018,3.408,5.915409723
Benin,Africa,2018,4.141,5.892878256
Syria,Asia,2018,3.4619999999999997,2.144983716
Burundi,Africa,2018,2.905,6.7083349860000006
Togo,Africa,2018,3.9989999999999997,7.510809738
Belize,Americas,2018,5.956,6.679484192
Somalia,Africa,2018,4.982,6.540232538
Namibia,Africa,2018,4.441,11.01607981
South Sudan,Africa,2018,3.2539999999999996,4.471347657
Taiwan,Asia,2018,6.441,18.13105988
Hong Kong,Asia,2018,5.43,
Trinidad and Tobago,Americas,2018,6.192,11.2309819
South Korea,Asia,2018,5.875,27.20544536
Palestinian Territories,Asia,2018,4.743,2.390616024
Congo (Kinshasa),Africa,2018,4.245,6.78138874
Congo (Brazzaville),Africa,2018,4.559,7.906022237999999
Northern Cyprus,Europe,2018,5.835,
North Macedonia,Europe,2018,5.185,9.791581762
Switzerland,Europe,2019,7.48,13.34573636
Iceland,Europe,2019,7.494,10.77909638
Denmark,Europe,2019,7.6,11.50365501
Norway,Europe,2019,7.5539999999999985,10.50124772
Canada,Americas,2019,7.278,12.86569226
Finland,Europe,2019,7.769,15.7778437
Netherlands,Europe,2019,7.487999999999999,11.75756694
Sweden,Europe,2019,7.343,13.38939942
New Zealand,Oceania,2019,7.307,11.39813313
Australia,Oceania,2019,7.228,11.79559025
Israel,Asia,2019,7.138999999999999,5.8568325429999994
Costa Rica,Americas,2019,7.1670000000000025,8.240676618
Austria,Europe,2019,7.246,15.89916725
Mexico,Americas,2019,6.595,6.247223516
United States,Americas,2019,6.892,13.82675786
Brazil,Americas,2019,6.3,6.232308659
Luxembourg,Europe,2019,7.09,11.18832697
Ireland,Europe,2019,7.021,8.866072966
Belgium,Europe,2019,6.922999999999999,19.37026554
United Arab Emirates,Asia,2019,6.825,7.185399052999999
United Kingdom,Europe,2019,7.053999999999999,8.357388918
Venezuela,Americas,2019,4.707,8.229153542999999
Singapore,Asia,2019,6.2620000000000005,8.179022936
Panama,Americas,2019,6.3210000000000015,4.79284493
Germany,Europe,2019,6.985,13.73569523
Chile,Americas,2019,6.444,11.02510332
Qatar,Asia,2019,6.374,4.5887420080000005
France,Europe,2019,6.5920000000000005,16.63563435
Argentina,Americas,2019,6.086,11.14688505
Czech Republic,Europe,2019,6.852,13.90050224
Uruguay,Americas,2019,6.2929999999999975,19.37823075
Colombia,Americas,2019,6.125,5.715860574
Thailand,Asia,2019,6.007999999999999,10.13661118
Saudi Arabia,Asia,2019,6.375,5.0131423669999995
Spain,Europe,2019,6.354,8.168939959
Malta,Europe,2019,6.726,5.488269972
Kuwait,Asia,2019,6.021,3.0494144430000003
El Salvador,Americas,2019,6.252999999999999,8.494026892
Guatemala,Americas,2019,6.436,5.361604103
Uzbekistan,Asia,2019,6.1739999999999995,11.26156892
Slovakia,Europe,2019,6.1979999999999995,12.78553192
Japan,Asia,2019,5.886,19.38615437
Ecuador,Americas,2019,6.028,9.540114739
Bahrain,Asia,2019,6.199,5.35939317
Italy,Europe,2019,6.223,7.154983112
Bolivia,Americas,2019,5.779,6.183599673
Moldova,Europe,2019,5.529,14.89532018
Paraguay,Americas,2019,5.742999999999999,6.167610472000001
Kazakhstan,Asia,2019,5.809,23.24344525
Slovenia,Europe,2019,6.117999999999999,19.76675202
Lithuania,Europe,2019,6.149,30.68074953
Nicaragua,Americas,2019,6.105,5.450697282999999
Peru,Americas,2019,5.697,2.9896458089999998
Belarus,Europe,2019,5.3229999999999995,23.9181743
Poland,Europe,2019,6.182,17.11497435
Malaysia,Asia,2019,5.3389999999999995,5.759854947000001
Croatia,Europe,2019,5.432,16.34295556
Libya,Africa,2019,5.525,5.147626579
Russia,Europe,2019,5.648,26.60913689
Jamaica,Americas,2019,5.89,3.170074748
Cyprus,Europe,2019,6.046,5.076768681
Algeria,Africa,2019,5.211,3.62149513
Kosovo,Europe,2019,6.1,
Turkmenistan,Asia,2019,5.247000000000001,8.660604931
Mauritius,Africa,2019,5.888,8.861079335
Estonia,Europe,2019,5.893,15.85518235
Indonesia,Asia,2019,5.192,2.951314763
Vietnam,Asia,2019,5.175,8.419432484
Turkey,Asia,2019,5.3729999999999976,3.177806939
Kyrgyzstan,Asia,2019,5.261,9.18626313
Nigeria,Africa,2019,5.265,3.709814535
Bhutan,Asia,2019,5.082,5.430715985
Azerbaijan,Asia,2019,5.207999999999998,3.690632346
Pakistan,Asia,2019,5.653,7.894246804
Jordan,Asia,2019,4.9060000000000015,2.235653408
Montenegro,Europe,2019,5.523,18.79843787
China,Asia,2019,5.191,8.522276703
Zambia,Africa,2019,4.107,7.663687025
Romania,Europe,2019,6.07,11.34085558
Serbia,Europe,2019,5.603,17.55133902
Portugal,Europe,2019,5.693,12.74356344
Latvia,Europe,2019,5.94,20.44365667
Philippines,Asia,2019,5.631,4.073917926
Morocco,Africa,2019,5.207999999999998,7.138191534
Mozambique,Africa,2019,4.466,8.264471631000001
Albania,Europe,2019,4.718999999999999,5.591265441
Bosnia and Herzegovina,Europe,2019,5.386,11.08127422
Lesotho,Africa,2019,3.802,35.20047696
Dominican Republic,Americas,2019,5.425,6.170005565
Laos,Asia,2019,4.796,6.003304405
Mongolia,Asia,2019,5.285,17.46200745
Swaziland,Africa,2019,4.212,19.80915862
Greece,Europe,2019,5.287000000000001,4.835323534
Lebanon,Asia,2019,5.197,3.4043832160000003
Hungary,Europe,2019,5.757999999999999,19.66086877
Honduras,Americas,2019,5.86,2.452447373
Tajikistan,Asia,2019,5.4670000000000005,4.888387668
Tunisia,Africa,2019,4.461,3.544899615
Bangladesh,Asia,2019,4.456,4.6246682539999995
Iran,Asia,2019,4.548,4.948816853
Ukraine,Europe,2019,4.332,31.08333885
Iraq,Asia,2019,4.437,4.926771039
South Africa,Africa,2019,4.7219999999999995,14.14743354
Ghana,Africa,2019,4.996,6.549451425
Zimbabwe,Africa,2019,3.6630000000000003,16.00573873
Liberia,Africa,2019,3.975,5.402359315
India,Africa,2019,4.015,14.0458103
Haiti,Americas,2019,3.597,8.199198251
Nepal,Asia,2019,4.913,11.59908592
Ethiopia,Africa,2019,4.2860000000000005,5.255971364
Sierra Leone,Africa,2019,4.374,5.930902606
Mauritania,Africa,2019,4.49,3.8616256630000003
Kenya,Africa,2019,4.5089999999999995,6.28094646
Armenia,Asia,2019,4.559,9.510243666000001
Botswana,Africa,2019,3.488,17.24004788
Myanmar,Asia,2019,4.36,3.5775602660000003
Georgia,Asia,2019,4.519,13.20265508
Georgia,Asia,2019,4.519,8.547278387999999
Malawi,Africa,2019,3.41,6.554052539
Sri Lanka,Asia,2019,4.3660000000000005,20.24741239
Cameroon,Africa,2019,5.044,7.76648026
Bulgaria,Europe,2019,5.011,15.67142247
Egypt,Africa,2019,4.166,3.134458095
Yemen,Asia,2019,3.38,4.952431981
Mali,Africa,2019,4.39,4.320053623
Comoros,Africa,2019,3.9730000000000003,5.723098927000001
Uganda,Africa,2019,4.189,5.269354521
Senegal,Africa,2019,4.681,7.441864731
Gabon,Africa,2019,4.7989999999999995,9.838750885
Niger,Africa,2019,4.628,4.170644491
Cambodia,Asia,2019,4.7,4.730220023
Tanzania,Africa,2019,3.2310000000000003,5.695259916
Madagascar,Africa,2019,3.9330000000000003,5.701920134
Central African Republic,Africa,2019,3.083,11.68937424
Chad,Africa,2019,4.35,6.073794171
Guinea,Africa,2019,4.534,6.367334207000001
Ivory Coast,Africa,2019,4.944,7.488516826000001
Burkina Faso,Africa,2019,4.587,6.809393424
Afghanistan,Asia,2019,3.2030000000000003,4.214477996
Rwanda,Africa,2019,3.3339999999999996,5.982322461
Benin,Africa,2019,4.883,5.86024802
Syria,Asia,2019,3.4619999999999997,2.20583838
Burundi,Africa,2019,3.775,6.700905395
Togo,Africa,2019,4.085,7.458794542000001
Somalia,Africa,2019,4.668,6.51179036
Namibia,Africa,2019,4.638999999999999,10.87340266
South Sudan,Africa,2019,2.853,4.512557494
Gambia,Africa,2019,4.516,5.728857971
Taiwan,Asia,2019,6.4460000000000015,18.19944927
Hong Kong,Asia,2019,5.43,
Trinidad and Tobago,Americas,2019,6.192,11.14598416
South Korea,Asia,2019,5.895,27.29524664
Palestinian Territories,Asia,2019,4.6960000000000015,2.510733814
Congo (Kinshasa),Africa,2019,4.418,6.820482502000001
Congo (Brazzaville),Africa,2019,4.812,8.031614231
Northern Cyprus,Europe,2019,5.718,
North Macedonia,Europe,2019,5.274,9.806702791000001
